Groups,Cosine Distance
Matching,0.007247918672866475
Non-Matching,0.01013810235588552
