Groups,Cosine Distance
Matching,0.007208571218374942
Non-Matching,0.008549707986208726
